,Alabama,Alaska,Arizona,Arkansas,California,Colorado,Connecticut,Delaware,District of Columbia,Florida,Georgia,Hawaii,Idaho,Illinois,Indiana,Iowa,Kansas,Kentucky,Louisiana,Maine,Maryland,Massachusetts,Michigan,Minnesota,Mississippi,Missouri,Montana,Nebraska,Nevada,New Hampshire,New Jersey,New Mexico,New York,North Carolina,North Dakota,Ohio,Oklahoma,Oregon,Pennsylvania,Rhode Island,South Carolina,South Dakota,Tennessee,Texas,Utah,Vermont,Virginia,Washington,West Virginia,Wisconsin,Wyoming
Total population,"5,074,296","733,583","7,359,197","3,045,637","39,029,342","5,839,926","3,626,205","1,018,396","671,803","22,244,823","10,912,876","1,440,196","1,939,033","12,582,032","6,833,037","3,200,517","2,937,150","4,512,310","4,590,241","1,385,340","6,164,660","6,981,974","10,034,118","5,717,184","2,940,057","6,177,957","1,122,867","1,967,923","3,177,772","1,395,231","9,261,699","2,113,344","19,677,151","10,698,973","779,261","11,756,058","4,019,800","4,240,137","12,972,008","1,093,734","5,282,634","909,824","7,051,339","30,029,572","3,380,800","647,064","8,683,619","7,785,786","1,775,156","5,892,539","581,381"
SEX AND AGE,,,,,,,,,,,,,,,,,,,,,,,,,,,,,,,,,,,,,,,,,,,,,,,,,,,
Male,48.50%,52.60%,50.00%,49.40%,50.10%,50.70%,49.00%,48.60%,47.60%,49.20%,48.80%,50.40%,50.40%,49.50%,49.70%,50.20%,50.20%,49.50%,49.00%,49.40%,48.70%,49.00%,49.60%,50.20%,48.50%,49.30%,50.50%,50.20%,50.30%,49.90%,49.30%,49.60%,48.90%,48.90%,51.20%,49.40%,49.90%,50.00%,49.30%,49.00%,48.60%,50.80%,49.10%,50.00%,50.80%,49.60%,49.50%,50.50%,49.70%,50.20%,51.20%
Female,51.50%,47.40%,50.00%,50.60%,49.90%,49.30%,51.00%,51.40%,52.40%,50.80%,51.20%,49.60%,49.60%,50.50%,50.30%,49.80%,49.80%,50.50%,51.00%,50.60%,51.30%,51.00%,50.40%,49.80%,51.50%,50.70%,49.50%,49.80%,49.70%,50.10%,50.70%,50.40%,51.10%,51.10%,48.80%,50.60%,50.10%,50.00%,50.70%,51.00%,51.40%,49.20%,50.90%,50.00%,49.20%,50.40%,50.50%,49.50%,50.30%,49.80%,48.80%
Median age (years),39.6,35.9,38.8,38.9,37.9,37.7,40.9,41.5,34.9,42.7,37.6,40.8,37.5,39.1,38.2,38.9,37.6,39.4,38.2,45.1,39.7,40.3,40.3,39,38.9,39.1,40.2,37.4,39,43.3,40.4,39.4,40,39.2,36.2,39.9,37.1,40.5,40.9,40.7,40.5,38.5,39.2,35.6,32.1,43.2,39,38.4,42.9,40.4,39.1
RACE AND HISPANIC OR LATINO ORIGIN,,,,,,,,,,,,,,,,,,,,,,,,,,,,,,,,,,,,,,,,,,,,,,,,,,,
One race,94.90%,85.80%,80.60%,89.20%,81.00%,85.40%,88.60%,90.40%,89.80%,80.90%,91.70%,71.30%,90.20%,89.10%,93.00%,93.60%,90.00%,94.00%,93.10%,94.80%,91.80%,89.30%,92.90%,93.30%,95.40%,92.70%,93.20%,91.10%,82.30%,93.50%,87.80%,74.70%,89.90%,92.10%,94.80%,93.50%,85.60%,88.10%,92.80%,87.90%,93.60%,93.70%,93.10%,76.20%,91.20%,94.50%,90.80%,87.40%,95.30%,92.10%,91.70%
White,65.10%,59.60%,57.80%,69.10%,38.90%,70.30%,65.00%,59.90%,38.40%,55.90%,51.30%,22.20%,81.90%,61.10%,77.50%,84.40%,76.30%,83.10%,57.60%,90.80%,48.40%,68.80%,74.00%,77.20%,55.70%,77.60%,85.10%,78.40%,49.10%,87.50%,54.10%,46.40%,55.20%,62.20%,83.20%,77.10%,65.20%,74.50%,74.40%,70.50%,63.60%,80.80%,73.00%,47.60%,79.20%,90.90%,60.20%,65.90%,90.30%,80.40%,84.60%
Black or African American,25.70%,3.00%,4.60%,14.40%,5.40%,4.00%,10.50%,22.10%,42.10%,15.00%,31.00%,1.80%,0.70%,13.40%,9.30%,3.80%,5.20%,7.70%,31.10%,1.60%,29.60%,7.10%,13.20%,7.00%,36.60%,10.70%,0.30%,4.70%,9.40%,1.40%,12.60%,2.10%,14.40%,20.40%,3.30%,12.00%,6.80%,2.00%,10.50%,5.50%,25.10%,2.00%,15.60%,12.10%,1.10%,1.00%,18.70%,4.00%,3.40%,6.00%,0.70%
American Indian and Alaska Native,0.50%,13.00%,4.10%,0.70%,1.30%,1.20%,0.30%,0.40%,0.50%,0.40%,0.50%,0.30%,1.30%,0.70%,0.30%,0.40%,0.90%,0.20%,0.60%,0.50%,0.40%,0.30%,0.50%,1.00%,0.50%,0.30%,5.40%,1.00%,1.50%,0.10%,0.50%,9.20%,0.60%,1.10%,4.40%,0.20%,7.50%,1.20%,0.30%,0.40%,0.40%,7.50%,0.20%,0.80%,1.00%,0.20%,0.30%,1.30%,0.20%,0.80%,1.90%
Asian,1.60%,6.30%,3.60%,1.60%,15.50%,3.30%,4.80%,4.10%,4.20%,2.90%,4.40%,35.20%,1.30%,6.00%,2.50%,2.40%,2.90%,1.40%,1.80%,1.20%,6.60%,7.20%,3.40%,5.20%,0.90%,2.20%,0.70%,2.50%,9.10%,2.60%,10.10%,1.80%,9.10%,3.20%,1.60%,2.50%,2.30%,4.60%,3.80%,3.50%,1.70%,1.40%,1.90%,5.50%,2.50%,1.80%,7.00%,9.80%,0.80%,2.90%,0.70%
Native Hawaiian and Other Pacific Islander,0.10%,2.00%,0.20%,0.50%,0.40%,0.10%,0.00%,0.00%,0.10%,0.10%,0.10%,10.00%,0.20%,0.10%,0.00%,0.30%,0.20%,0.10%,0.10%,0.00%,0.10%,0.00%,0.00%,0.00%,0.00%,0.10%,0.10%,0.10%,0.70%,0.10%,0.00%,0.10%,0.00%,0.10%,0.40%,0.00%,0.20%,0.40%,0.00%,0.00%,0.00%,0.10%,0.10%,0.10%,1.10%,0.00%,0.10%,0.70%,0.00%,0.00%,0.10%
Some other race,2.00%,1.80%,10.20%,3.00%,19.50%,6.40%,7.90%,3.90%,4.60%,6.60%,4.40%,1.90%,4.80%,7.90%,3.20%,2.30%,4.40%,1.50%,2.00%,0.60%,6.80%,5.90%,1.90%,2.90%,1.70%,1.80%,1.50%,4.40%,12.40%,1.80%,10.50%,15.10%,10.50%,5.10%,2.00%,1.70%,3.60%,5.40%,3.80%,7.90%,2.80%,1.80%,2.30%,10.10%,6.20%,0.60%,4.50%,5.80%,0.60%,2.00%,3.70%
Two or more races,5.10%,14.20%,19.40%,10.80%,19.00%,14.60%,11.40%,9.60%,10.20%,19.10%,8.30%,28.70%,9.80%,10.90%,7.00%,6.40%,10.00%,6.00%,6.90%,5.20%,8.20%,10.70%,7.10%,6.70%,4.60%,7.30%,6.80%,8.90%,17.70%,6.50%,12.20%,25.30%,10.10%,7.90%,5.20%,6.50%,14.40%,11.90%,7.20%,12.10%,6.40%,6.30%,6.90%,23.80%,8.80%,5.50%,9.20%,12.60%,4.70%,7.90%,8.30%
Hispanic or Latino origin (of any race),4.90%,7.70%,32.50%,8.40%,40.30%,22.50%,18.20%,10.30%,11.70%,27.10%,10.40%,11.10%,13.50%,18.30%,7.80%,6.80%,13.00%,4.20%,5.70%,2.10%,11.40%,13.00%,5.70%,5.80%,3.30%,4.70%,4.40%,12.30%,30.30%,4.50%,21.90%,50.20%,19.70%,10.40%,4.40%,4.40%,12.10%,14.40%,8.60%,17.60%,6.50%,4.70%,6.30%,40.20%,15.10%,2.30%,10.40%,14.00%,1.90%,7.60%,10.80%
"White alone, not Hispanic or Latino",64.10%,57.40%,51.80%,67.50%,33.70%,65.00%,62.00%,58.90%,36.70%,50.80%,49.60%,20.70%,79.00%,58.50%,76.00%,82.80%,73.10%,82.20%,56.70%,90.20%,47.10%,67.00%,72.60%,76.20%,55.30%,76.60%,83.50%,75.80%,44.40%,86.60%,51.50%,34.80%,52.90%,60.70%,82.00%,76.10%,62.60%,71.60%,73.10%,68.20%,62.50%,79.90%,71.90%,38.90%,75.60%,90.20%,58.70%,63.50%,89.80%,79.00%,81.40%
RELATIONSHIP,,,,,,,,,,,,,,,,,,,,,,,,,,,,,,,,,,,,,,,,,,,,,,,,,,,
Population in households,"4,932,977","703,525","7,204,265","2,962,570","38,154,106","5,718,342","3,506,469","995,708","633,828","21,767,541","10,662,548","1,399,322","1,889,199","12,306,684","6,654,508","3,101,828","2,850,661","4,392,235","4,466,263","1,347,918","6,039,338","6,744,191","9,821,154","5,580,990","2,846,324","6,014,174","1,093,570","1,921,382","3,142,947","1,357,936","9,092,231","2,070,420","19,062,964","10,417,729","750,434","11,472,112","3,902,130","4,143,098","12,540,001","1,049,452","5,143,331","877,678","6,904,210","29,420,404","3,328,160","622,107","8,447,359","7,632,260","1,723,088","5,755,117","567,881"
Householder or spouse,60.00%,57.50%,58.00%,60.30%,52.60%,61.70%,59.60%,60.20%,63.80%,59.50%,56.40%,52.60%,58.90%,59.60%,60.60%,63.80%,61.30%,61.20%,57.50%,66.60%,57.60%,60.20%,60.60%,62.10%,58.00%,61.30%,62.90%,62.10%,54.90%,62.00%,57.90%,57.60%,58.00%,61.00%,64.90%,61.50%,59.40%,60.70%,61.80%,60.50%,61.30%,62.30%,60.60%,56.00%,54.10%,65.80%,59.40%,60.00%,62.30%,63.60%,63.90%
Parent,0.90%,0.90%,1.20%,0.90%,2.20%,0.80%,1.30%,1.20%,0.40%,1.70%,1.30%,2.00%,0.80%,1.00%,0.80%,0.40%,0.80%,0.80%,0.80%,0.40%,1.40%,1.20%,0.80%,0.60%,0.90%,0.80%,0.60%,0.70%,2.10%,0.90%,1.40%,1.20%,1.50%,1.00%,0.40%,0.70%,0.90%,1.20%,0.90%,1.10%,0.90%,0.50%,0.90%,1.30%,0.90%,0.60%,1.30%,1.20%,0.90%,0.50%,0.50%
Other relatives,34.60%,34.70%,34.00%,33.90%,38.10%,30.30%,33.20%,33.00%,26.80%,32.40%,37.00%,37.50%,34.10%,33.90%,33.10%,29.90%,32.20%,32.30%,36.40%,25.60%,35.20%,31.60%,32.60%,31.20%,36.80%,31.90%,29.30%,31.70%,35.60%,30.40%,35.80%,35.20%,34.00%,32.70%,28.70%,31.90%,34.00%,29.40%,31.70%,31.60%,32.90%,31.60%,32.90%,37.70%,39.20%,26.10%,33.40%,31.10%,31.10%,29.40%,30.00%
Nonrelatives,4.50%,6.90%,6.80%,4.90%,7.10%,7.20%,5.80%,5.60%,9.00%,6.50%,5.40%,7.90%,6.30%,5.40%,5.50%,5.90%,5.70%,5.70%,5.30%,7.40%,5.80%,6.90%,5.90%,6.00%,4.30%,6.00%,7.20%,5.50%,7.40%,6.70%,4.90%,6.10%,6.40%,5.30%,6.00%,5.90%,5.70%,8.80%,5.50%,6.70%,4.90%,5.50%,5.50%,5.00%,5.80%,7.50%,5.90%,7.70%,5.70%,6.40%,5.70%
Unmarried partner,1.90%,3.60%,3.30%,2.40%,2.80%,3.30%,3.20%,2.90%,4.70%,3.20%,2.30%,2.50%,2.70%,2.90%,3.00%,3.30%,2.80%,3.00%,3.00%,4.50%,2.70%,3.40%,3.10%,3.30%,2.00%,3.10%,3.30%,2.90%,3.30%,3.90%,2.80%,3.60%,3.10%,2.60%,3.10%,3.30%,2.70%,3.90%,3.10%,3.80%,2.40%,3.20%,2.90%,2.60%,1.80%,4.50%,2.60%,3.50%,2.90%,3.70%,3.30%
HOUSEHOLDS BY TYPE,,,,,,,,,,,,,,,,,,,,,,,,,,,,,,,,,,,,,,,,,,,,,,,,,,,
Households,"2,016,448","274,574","2,850,377","1,216,207","13,550,586","2,384,584","1,433,635","402,334","326,970","8,826,394","4,092,467","494,827","717,151","5,056,360","2,726,489","1,330,995","1,175,294","1,828,680","1,816,902","605,338","2,375,984","2,797,776","4,089,794","2,322,190","1,148,340","2,521,832","464,072","803,157","1,198,356","557,220","3,516,978","848,218","7,774,308","4,299,266","331,481","4,878,206","1,573,180","1,726,340","5,294,065","446,688","2,136,080","368,300","2,846,684","11,087,708","1,129,660","277,090","3,380,607","3,079,953","736,341","2,491,121","243,321"
Family households,64.90%,64.00%,64.70%,64.00%,67.50%,61.40%,63.00%,65.60%,37.90%,64.40%,66.80%,67.70%,68.50%,62.10%,63.80%,61.80%,63.00%,64.10%,62.30%,61.30%,65.10%,61.60%,62.30%,62.70%,65.70%,62.20%,60.80%,62.50%,64.60%,64.30%,67.60%,60.90%,60.90%,64.80%,58.50%,61.20%,64.70%,60.30%,62.20%,59.80%,65.50%,61.10%,64.90%,67.50%,73.50%,59.40%,64.80%,62.80%,62.90%,60.70%,63.00%
Married-couple family,46.70%,47.20%,46.70%,47.10%,48.10%,48.00%,46.00%,49.00%,23.70%,46.70%,46.90%,48.60%,55.30%,45.10%,48.00%,48.60%,48.90%,47.10%,41.50%,48.40%,46.50%,45.20%,45.70%,49.40%,43.80%,46.30%,48.10%,48.60%,44.20%,51.20%,49.90%,40.60%,42.30%,47.90%,47.10%,44.60%,47.50%,45.70%,46.50%,42.10%,47.70%,48.30%,47.10%,48.70%,59.50%,47.40%,48.60%,48.70%,46.00%,47.00%,49.00%
"Female householder, no spouse present, family",13.70%,10.50%,11.80%,12.10%,13.00%,8.80%,12.10%,11.80%,11.80%,12.50%,15.00%,13.50%,8.70%,12.00%,11.00%,8.70%,9.50%,12.00%,15.60%,8.50%,13.30%,11.80%,11.70%,8.70%,16.70%,11.00%,8.20%,9.60%,13.30%,8.50%,12.60%,13.90%,13.50%,12.50%,7.50%,11.90%,11.80%,9.90%,11.20%,11.40%,13.40%,7.70%,12.80%,13.30%,8.90%,7.80%,11.60%,9.40%,11.60%,9.10%,8.80%
Nonfamily households,35.10%,36.00%,35.30%,36.00%,32.50%,38.60%,37.00%,34.40%,62.10%,35.60%,33.20%,32.30%,31.50%,37.90%,36.20%,38.20%,37.00%,35.90%,37.70%,38.70%,34.90%,38.40%,37.70%,37.30%,34.30%,37.80%,39.20%,37.50%,35.40%,35.70%,32.40%,39.10%,39.10%,35.20%,41.50%,38.80%,35.30%,39.70%,37.80%,40.20%,34.50%,38.90%,35.10%,32.50%,26.50%,40.60%,35.20%,37.20%,37.10%,39.30%,37.00%
Householder living alone,30.40%,27.80%,27.20%,30.80%,24.30%,28.30%,29.90%,28.60%,48.60%,28.10%,27.10%,25.30%,24.30%,31.00%,29.60%,30.60%,30.30%,29.70%,31.50%,30.00%,28.50%,29.10%,30.50%,29.50%,29.90%,30.90%,30.50%,30.80%,27.50%,27.60%,26.50%,32.30%,31.20%,28.80%,33.30%,31.80%,28.90%,29.30%,30.60%,31.30%,28.80%,31.80%,28.60%,26.30%,19.50%,30.30%,28.20%,27.90%,31.00%,31.00%,30.40%
MARITAL STATUS,,,,,,,,,,,,,,,,,,,,,,,,,,,,,,,,,,,,,,,,,,,,,,,,,,,
Population 15 years and over,"4,160,117","586,271","6,063,874","2,471,030","32,075,348","4,849,513","3,034,370","846,915","563,942","18,720,294","8,867,492","1,190,764","1,559,674","10,364,331","5,549,095","2,612,361","2,370,725","3,686,729","3,718,506","1,184,764","5,055,342","5,893,186","8,310,382","4,656,439","2,388,374","5,058,244","930,330","1,578,032","2,612,414","1,193,514","7,628,765","1,743,814","16,389,978","8,814,897","627,667","9,655,506","3,234,342","3,561,134","10,822,275","928,056","4,364,450","728,612","5,787,189","23,903,920","2,620,383","554,459","7,150,269","6,426,623","1,488,651","4,880,508","474,965"
"Now married, except separated",48.40%,48.80%,47.40%,49.30%,46.30%,50.40%,46.60%,49.20%,30.20%,48.00%,46.90%,48.70%,54.20%,47.00%,49.60%,51.60%,50.90%,49.40%,43.30%,51.40%,47.30%,46.30%,47.40%,51.60%,45.00%,48.60%,50.80%,51.70%,45.20%,50.40%,49.40%,42.90%,44.60%,49.50%,51.80%,47.30%,49.20%,47.60%,48.10%,44.20%,49.30%,51.20%,49.20%,49.20%,55.30%,49.70%,49.60%,50.30%,48.10%,49.80%,52.40%
Widowed,6.70%,4.00%,5.30%,6.80%,4.80%,4.10%,5.20%,6.40%,3.60%,6.30%,5.40%,5.90%,5.00%,5.70%,5.80%,5.70%,5.70%,6.60%,6.50%,5.80%,5.40%,5.10%,5.90%,4.90%,7.00%,6.20%,5.70%,5.30%,5.30%,5.60%,5.50%,5.90%,5.50%,5.70%,5.20%,6.00%,6.10%,5.20%,6.30%,5.40%,6.40%,5.90%,6.30%,4.80%,3.50%,5.00%,5.40%,4.80%,7.90%,5.30%,5.50%
Divorced,11.80%,10.90%,11.40%,12.90%,8.80%,11.00%,10.70%,10.50%,9.10%,12.30%,11.10%,9.80%,11.10%,9.40%,11.90%,10.20%,11.10%,12.60%,11.50%,12.70%,9.90%,9.20%,11.20%,9.70%,11.40%,11.90%,12.00%,10.20%,13.10%,12.40%,8.40%,12.90%,9.00%,10.30%,9.70%,11.70%,12.50%,12.90%,9.60%,11.00%,10.10%,10.60%,11.80%,9.80%,8.30%,12.10%,9.90%,10.80%,13.20%,10.70%,13.30%
Separated,1.70%,1.40%,1.40%,1.80%,1.80%,1.20%,1.10%,1.40%,1.20%,1.80%,1.80%,1.10%,1.10%,1.50%,1.10%,1.10%,1.20%,1.70%,1.90%,0.80%,1.70%,1.50%,1.10%,0.80%,2.40%,1.50%,1.00%,1.20%,1.70%,1.00%,1.80%,1.60%,2.20%,2.10%,0.70%,1.50%,2.00%,1.30%,1.70%,1.30%,2.10%,1.10%,1.70%,2.00%,1.10%,1.20%,1.90%,1.40%,1.30%,0.90%,1.00%
Never married,31.40%,34.90%,34.50%,29.30%,38.30%,33.40%,36.40%,32.50%,55.90%,31.60%,34.80%,34.50%,28.60%,36.40%,31.70%,31.40%,31.10%,29.70%,36.80%,29.20%,35.80%,37.80%,34.40%,33.00%,34.10%,31.80%,30.60%,31.60%,34.60%,30.60%,34.80%,36.80%,38.70%,32.40%,32.70%,33.50%,30.30%,33.00%,34.40%,38.10%,32.10%,31.10%,31.00%,34.30%,31.70%,32.00%,33.30%,32.70%,29.60%,33.40%,27.70%
EDUCATIONAL ATTAINMENT,,,,,,,,,,,,,,,,,,,,,,,,,,,,,,,,,,,,,,,,,,,,,,,,,,,
Population 25 years and over,"3,474,924","489,218","5,053,656","2,057,624","26,866,773","4,084,004","2,545,188","724,041","479,231","16,104,410","7,332,980","1,023,843","1,280,178","8,692,839","4,584,460","2,159,511","1,944,891","3,091,499","3,096,121","1,030,141","4,286,216","4,947,384","6,978,952","3,918,565","1,963,322","4,236,010","785,438","1,300,094","2,223,852","1,024,780","6,482,223","1,453,129","13,892,241","7,372,120","514,786","8,130,929","2,661,141","3,043,930","9,151,744","778,191","3,664,922","605,735","4,868,110","19,597,383","2,042,912","467,643","5,978,782","5,470,209","1,262,566","4,088,500","399,796"
Less than high school graduate,11.20%,6.70%,10.80%,10.90%,15.30%,7.00%,8.50%,8.00%,6.30%,10.10%,10.50%,7.10%,8.00%,9.60%,9.80%,6.50%,7.90%,11.00%,12.70%,5.40%,8.60%,8.70%,8.20%,6.00%,12.40%,8.40%,6.00%,7.20%,12.60%,5.50%,9.30%,12.00%,12.10%,9.80%,6.10%,8.20%,10.40%,8.40%,7.80%,9.50%,9.50%,6.80%,9.60%,13.90%,7.00%,5.00%,8.50%,7.80%,10.90%,6.50%,6.30%
"High school graduate, GED, or alternative",30.40%,29.10%,23.80%,34.30%,20.50%,20.20%,25.90%,28.20%,13.50%,27.10%,27.00%,26.80%,26.00%,25.20%,32.10%,29.50%,25.30%,32.40%,32.50%,30.20%,23.60%,23.00%,28.10%,23.40%,30.80%,30.10%,27.70%,25.10%,27.90%,27.10%,25.20%,25.70%,24.60%,24.90%,25.60%,31.90%,30.60%,22.70%,33.00%,24.70%,27.70%,29.20%,31.30%,24.20%,22.00%,26.00%,23.90%,21.50%,38.30%,29.60%,27.30%
Some college or associate's degree,29.60%,33.60%,32.40%,29.40%,27.20%,27.00%,23.70%,27.30%,14.80%,28.60%,27.80%,30.70%,33.70%,27.60%,28.50%,31.60%,31.20%,28.70%,27.70%,28.40%,24.00%,21.70%,31.60%,31.50%,32.10%,29.20%,31.70%,33.10%,32.50%,26.10%,22.00%,31.80%,23.30%,29.40%,36.40%,27.80%,30.50%,32.60%,24.10%,26.20%,30.20%,32.30%,28.00%,28.00%,33.10%,24.70%,25.40%,31.20%,26.00%,30.70%,36.90%
Bachelor's degree or higher,28.80%,30.60%,33.00%,25.40%,37.00%,45.90%,41.90%,36.50%,65.40%,34.30%,34.70%,35.40%,32.30%,37.70%,29.60%,32.30%,35.60%,27.90%,27.10%,36.10%,43.80%,46.60%,32.10%,39.10%,24.80%,32.20%,34.60%,34.70%,27.00%,41.30%,43.50%,30.50%,40.00%,35.90%,31.80%,32.00%,28.50%,36.30%,35.10%,39.60%,32.60%,31.60%,31.10%,33.90%,37.90%,44.20%,42.20%,39.50%,24.80%,33.20%,29.60%
RESPONSIBILITY FOR GRANDCHILDREN UNDER 18 YEARS,,,,,,,,,,,,,,,,,,,,,,,,,,,,,,,,,,,,,,,,,,,,,,,,,,,
Population 30 years and over,"3,159,759","435,142","4,546,407","1,870,348","24,111,614","3,638,814","2,324,257","662,451","409,127","14,773,690","6,602,024","932,935","1,157,672","7,859,998","4,151,189","1,961,547","1,754,594","2,800,669","2,817,315","950,687","3,903,168","4,468,811","6,330,291","3,555,524","1,794,900","3,837,130","712,942","1,173,278","2,005,818","937,903","5,907,144","1,320,244","12,542,873","6,677,445","457,259","7,377,627","2,399,018","2,759,965","8,347,825","705,716","3,346,450","549,803","4,396,830","17,472,763","1,789,862","429,888","5,422,554","4,908,732","1,160,343","3,722,339","364,825"
Living with grandchild(ren),3.30%,3.40%,3.40%,3.40%,4.30%,2.50%,2.40%,3.50%,1.80%,3.00%,3.80%,5.30%,2.70%,2.90%,2.80%,1.40%,2.30%,3.30%,3.40%,1.70%,3.20%,2.60%,2.40%,1.70%,4.10%,2.50%,2.50%,1.90%,4.10%,2.20%,2.90%,3.30%,3.00%,2.90%,1.60%,2.50%,3.30%,2.40%,2.50%,2.40%,3.20%,2.30%,3.30%,3.90%,3.60%,1.80%,3.00%,2.80%,3.10%,1.50%,2.20%
Responsible for grandchild(ren),1.60%,1.30%,1.10%,1.80%,0.80%,0.80%,0.50%,1.40%,0.40%,0.90%,1.40%,1.00%,1.00%,0.90%,1.20%,0.60%,0.80%,1.80%,1.60%,0.60%,0.90%,0.60%,0.70%,0.50%,1.90%,1.00%,1.00%,0.70%,1.10%,0.70%,0.70%,1.30%,0.70%,1.20%,0.70%,1.10%,1.60%,0.60%,0.80%,0.60%,1.40%,1.10%,1.50%,1.30%,0.80%,0.60%,1.00%,0.70%,1.60%,0.50%,0.90%
VETERAN STATUS,,,,,,,,,,,,,,,,,,,,,,,,,,,,,,,,,,,,,,,,,,,,,,,,,,,
Civilian population 18 years and over,"3,946,788","533,430","5,747,509","2,343,534","30,360,219","4,584,244","2,888,535","807,026","542,532","17,868,472","8,347,433","1,097,072","1,468,603","9,845,693","5,259,577","2,479,776","2,229,196","3,491,282","3,512,958","1,137,800","4,784,718","5,640,911","7,923,161","4,425,541","2,248,988","4,792,311","883,831","1,486,032","2,473,493","1,141,912","7,257,185","1,641,308","15,668,604","8,294,906","591,739","9,182,999","3,041,874","3,404,612","10,341,435","886,459","4,123,703","685,391","5,493,170","22,463,810","2,442,122","531,633","6,681,153","6,075,692","1,421,089","4,646,486","447,769"
Civilian veteran,7.70%,10.10%,7.90%,7.60%,4.30%,7.40%,4.60%,7.30%,4.00%,7.40%,7.30%,8.20%,7.90%,4.80%,6.20%,6.40%,6.90%,6.70%,6.00%,9.00%,6.80%,4.30%,5.80%,6.00%,6.50%,7.10%,8.90%,7.10%,8.30%,7.70%,3.90%,8.30%,3.70%,7.50%,6.60%,6.60%,8.00%,7.40%,6.20%,5.30%,8.40%,8.30%,7.20%,6.20%,4.50%,6.50%,9.20%,7.70%,7.80%,6.10%,9.40%
DISABILITY STATUS,,,,,,,,,,,,,,,,,,,,,,,,,,,,,,,,,,,,,,,,,,,,,,,,,,,
Civilian noninstitutionalized population,"4,988,625","701,511","7,251,924","2,991,199","38,548,670","5,742,363","3,582,236","1,005,551","661,425","21,904,247","10,718,050","1,383,700","1,911,951","12,413,406","6,737,570","3,153,337","2,876,222","4,428,274","4,494,008","1,368,026","6,073,039","6,919,123","9,929,781","5,657,569","2,872,112","6,071,333","1,104,997","1,939,912","3,139,304","1,379,160","9,168,124","2,074,351","19,475,046","10,480,843","762,522","11,587,715","3,930,259","4,199,471","12,789,843","1,076,902","5,185,489","888,485","6,951,491","29,539,484","3,353,888","640,316","8,446,378","7,667,041","1,741,322","5,831,451","570,764"
With any disability,16.90%,13.20%,13.60%,18.10%,11.70%,11.60%,12.50%,13.80%,10.90%,13.80%,13.30%,13.40%,14.10%,12.30%,14.20%,12.80%,13.70%,18.10%,16.80%,15.80%,11.90%,12.60%,14.30%,11.60%,18.60%,15.00%,14.40%,12.60%,14.30%,13.20%,11.20%,17.10%,12.90%,13.70%,12.20%,14.40%,17.50%,15.80%,14.60%,13.20%,14.50%,13.20%,15.00%,12.40%,10.60%,15.00%,12.70%,13.50%,19.40%,12.50%,14.70%
No disability,83.10%,86.80%,86.40%,81.90%,88.30%,88.40%,87.50%,86.20%,89.10%,86.20%,86.70%,86.60%,85.90%,87.70%,85.80%,87.20%,86.30%,81.90%,83.20%,84.20%,88.10%,87.40%,85.70%,88.40%,81.40%,85.00%,85.60%,87.40%,85.70%,86.80%,88.80%,82.90%,87.10%,86.30%,87.80%,85.60%,82.50%,84.20%,85.40%,86.80%,85.50%,86.80%,85.00%,87.60%,89.40%,85.00%,87.30%,86.50%,80.60%,87.50%,85.30%
RESIDENCE 1 YEAR AGO,,,,,,,,,,,,,,,,,,,,,,,,,,,,,,,,,,,,,,,,,,,,,,,,,,,
Population 1 year and over,"5,022,366","724,196","7,285,247","3,007,872","38,629,179","5,781,381","3,588,965","1,008,173","660,942","22,043,900","10,791,161","1,425,611","1,919,357","12,455,441","6,757,160","3,166,734","2,906,619","4,462,146","4,537,185","1,372,172","6,100,234","6,918,482","9,936,710","5,654,602","2,907,327","6,111,432","1,111,641","1,943,359","3,145,500","1,384,607","9,174,261","2,092,565","19,474,187","10,588,557","770,498","11,631,820","3,974,110","4,201,011","12,845,436","1,083,984","5,228,328","898,505","6,976,549","29,671,447","3,337,151","641,722","8,590,803","7,710,339","1,758,432","5,835,492","575,705"
Same house,87.60%,84.80%,86.00%,87.00%,88.90%,83.60%,88.40%,89.20%,78.00%,86.30%,86.60%,87.80%,85.10%,88.30%,87.10%,87.20%,85.30%,87.20%,88.30%,89.70%,88.50%,87.70%,88.40%,87.40%,88.90%,87.10%,86.70%,87.40%,86.40%,89.80%,90.40%,88.20%,89.60%,87.30%,84.20%,87.80%,85.50%,85.50%,89.30%,89.30%,86.50%,86.60%,87.00%,85.70%,85.70%,88.20%,86.60%,85.20%,89.60%,87.70%,84.70%
Different house in the United States,12.20%,14.50%,13.40%,12.70%,10.30%,15.80%,10.90%,10.30%,20.10%,12.50%,12.80%,11.40%,14.40%,11.10%,12.50%,12.50%,14.30%,12.40%,11.30%,10.00%,10.70%,11.20%,11.10%,12.20%,10.60%,12.60%,13.00%,12.00%,13.10%,9.90%,8.80%,11.30%,9.70%,12.20%,15.20%,11.70%,14.10%,14.10%,10.30%,9.90%,13.00%,13.00%,12.50%,13.50%,13.70%,11.20%,12.70%,14.00%,10.20%,11.90%,15.10%
Same county,6.40%,7.30%,7.90%,6.10%,6.30%,6.70%,4.90%,5.00%,10.30%,6.10%,5.20%,6.90%,6.80%,6.60%,6.60%,6.60%,7.50%,6.40%,6.50%,4.60%,5.40%,5.60%,6.10%,5.70%,5.10%,6.30%,5.80%,6.30%,8.30%,4.10%,4.40%,5.80%,5.30%,5.20%,7.20%,6.60%,7.10%,7.20%,5.70%,4.80%,5.50%,6.10%,6.10%,7.30%,7.90%,5.40%,4.50%,7.80%,5.00%,6.30%,7.40%
Different county,5.80%,7.20%,5.50%,6.50%,4.00%,9.10%,6.00%,5.30%,9.80%,6.40%,7.60%,4.50%,7.70%,4.40%,5.80%,5.90%,6.80%,5.90%,4.80%,5.40%,5.30%,5.60%,5.10%,6.50%,5.50%,6.30%,7.20%,5.80%,4.80%,5.80%,4.40%,5.50%,4.40%,6.90%,8.00%,5.10%,7.00%,6.90%,4.60%,5.10%,7.50%,6.90%,6.50%,6.20%,5.90%,5.80%,8.10%,6.20%,5.20%,5.50%,7.60%
Same state,3.00%,2.10%,1.60%,3.70%,2.80%,5.10%,1.90%,0.70%,0.00%,3.10%,4.60%,0.60%,3.10%,2.60%,3.60%,3.60%,3.50%,3.40%,3.10%,2.30%,3.00%,3.10%,3.50%,4.40%,3.10%,3.70%,2.80%,3.20%,0.80%,2.20%,2.50%,2.00%,2.80%,3.70%,3.50%,3.40%,4.00%,3.90%,2.50%,1.40%,3.30%,3.50%,3.20%,4.00%,3.10%,1.70%,5.00%,2.90%,2.80%,3.50%,2.60%
Different state,2.80%,5.00%,3.90%,2.90%,1.20%,4.00%,4.00%,4.60%,9.80%,3.40%,3.00%,3.90%,4.60%,1.80%,2.20%,2.30%,3.20%,2.50%,1.70%,3.00%,2.30%,2.50%,1.60%,2.10%,2.40%,2.70%,4.30%,2.50%,4.10%,3.60%,1.90%,3.40%,1.50%,3.20%,4.50%,1.70%,3.00%,3.10%,2.00%,3.70%,4.20%,3.50%,3.20%,2.30%,2.70%,4.10%,3.10%,3.20%,2.50%,2.10%,5.00%
Abroad,0.30%,0.70%,0.60%,0.30%,0.80%,0.60%,0.70%,0.50%,1.90%,1.20%,0.60%,0.80%,0.50%,0.60%,0.40%,0.30%,0.40%,0.40%,0.40%,0.30%,0.90%,1.10%,0.40%,0.50%,0.50%,0.30%,0.30%,0.50%,0.50%,0.30%,0.90%,0.50%,0.70%,0.60%,0.70%,0.40%,0.50%,0.40%,0.40%,0.80%,0.40%,0.40%,0.40%,0.80%,0.60%,0.60%,0.70%,0.70%,0.20%,0.40%,0.30%
"PLACE OF BIRTH, NATIVITY AND CITIZENSHIP STATUS, AND YEAR OF ENTRY",,,,,,,,,,,,,,,,,,,,,,,,,,,,,,,,,,,,,,,,,,,,,,,,,,,
Total population,"5,074,296","733,583","7,359,197","3,045,637","39,029,342","5,839,926","3,626,205","1,018,396","671,803","22,244,823","10,912,876","1,440,196","1,939,033","12,582,032","6,833,037","3,200,517","2,937,150","4,512,310","4,590,241","1,385,340","6,164,660","6,981,974","10,034,118","5,717,184","2,940,057","6,177,957","1,122,867","1,967,923","3,177,772","1,395,231","9,261,699","2,113,344","19,677,151","10,698,973","779,261","11,756,058","4,019,800","4,240,137","12,972,008","1,093,734","5,282,634","909,824","7,051,339","30,029,572","3,380,800","647,064","8,683,619","7,785,786","1,775,156","5,892,539","581,381"
Native,"4,883,062","678,511","6,396,509","2,889,564","28,601,317","5,282,398","3,057,894","917,286","571,905","17,427,550","9,744,854","1,193,513","1,823,055","10,771,932","6,418,511","3,009,790","2,729,567","4,331,411","4,397,346","1,328,921","5,134,950","5,722,103","9,338,915","5,218,358","2,874,609","5,925,382","1,096,591","1,825,354","2,576,815","1,308,480","7,080,617","1,916,471","15,217,399","9,782,186","740,906","11,170,120","3,777,046","3,819,194","11,993,835","936,140","5,009,259","878,167","6,658,886","24,860,446","3,088,501","619,610","7,578,591","6,597,394","1,742,847","5,597,798","563,519"
Foreign born,"191,234","55,072","962,688","156,073","10,428,025","557,528","568,311","101,110","99,898","4,817,273","1,168,022","246,683","115,978","1,810,100","414,526","190,727","207,583","180,899","192,895","56,419","1,029,710","1,259,871","695,203","498,826","65,448","252,575","26,276","142,569","600,957","86,751","2,181,082","196,873","4,459,752","916,787","38,355","585,938","242,754","420,943","978,173","157,594","273,375","31,657","392,453","5,169,126","292,299","27,454","1,105,028","1,188,392","32,309","294,741","17,862"
Entered 2010 or later,40.60%,35.40%,27.70%,32.60%,23.00%,30.90%,31.40%,33.20%,40.10%,36.60%,34.30%,25.80%,31.10%,26.20%,42.00%,45.90%,34.30%,50.30%,42.70%,40.20%,35.70%,38.80%,38.40%,38.40%,43.10%,39.70%,37.00%,39.40%,23.50%,33.20%,31.30%,23.60%,28.40%,35.90%,60.30%,43.30%,33.20%,28.70%,38.40%,35.00%,35.40%,42.50%,41.90%,34.30%,34.00%,31.60%,33.60%,36.70%,31.60%,35.80%,31.90%
Entered 2000 to 2009,25.80%,24.40%,22.70%,27.40%,21.10%,24.20%,25.10%,28.40%,24.20%,21.30%,26.70%,20.80%,23.80%,21.70%,27.10%,22.90%,28.30%,24.10%,22.90%,15.70%,25.80%,21.30%,21.60%,26.50%,22.60%,24.90%,16.90%,26.70%,24.50%,20.20%,24.50%,24.70%,21.70%,26.60%,20.80%,24.00%,27.90%,23.50%,23.70%,20.60%,29.00%,27.90%,27.50%,23.40%,27.30%,17.10%,26.30%,23.90%,30.70%,23.40%,25.80%
Entered before 2000,33.60%,40.20%,49.60%,39.90%,55.90%,44.90%,43.50%,38.40%,35.70%,42.10%,39.00%,53.50%,45.10%,52.10%,30.90%,31.30%,37.40%,25.60%,34.50%,44.10%,38.50%,39.90%,39.90%,35.10%,34.20%,35.40%,46.10%,34.00%,52.00%,46.70%,44.20%,51.70%,49.80%,37.60%,18.90%,32.70%,38.90%,47.80%,37.90%,44.50%,35.60%,29.50%,30.50%,42.30%,38.60%,51.20%,40.10%,39.40%,37.70%,40.80%,42.40%
Naturalized U.S. citizen,41.40%,62.20%,49.60%,36.20%,54.40%,48.90%,55.30%,56.40%,50.90%,58.00%,50.50%,61.80%,46.20%,53.40%,43.40%,44.90%,41.80%,44.10%,44.30%,56.50%,54.60%,55.20%,57.10%,58.20%,40.80%,51.30%,51.10%,44.50%,53.90%,61.20%,58.00%,43.90%,60.80%,44.10%,41.40%,54.40%,40.00%,47.90%,56.50%,52.10%,48.80%,53.90%,41.20%,43.40%,41.80%,65.20%,58.70%,48.90%,58.10%,47.90%,48.00%
Not a U.S. citizen,58.60%,37.80%,50.40%,63.80%,45.60%,51.10%,44.70%,43.60%,49.10%,42.00%,49.50%,38.20%,53.80%,46.60%,56.60%,55.10%,58.20%,55.90%,55.70%,43.50%,45.40%,44.80%,42.90%,41.80%,59.20%,48.70%,48.90%,55.50%,46.10%,38.80%,42.00%,56.10%,39.20%,55.90%,58.60%,45.60%,60.00%,52.10%,43.50%,47.90%,51.20%,46.10%,58.80%,56.60%,58.20%,34.80%,41.30%,51.10%,41.90%,52.10%,52.00%
LANGUAGE SPOKEN AT HOME AND ABILITY TO SPEAK ENGLISH,,,,,,,,,,,,,,,,,,,,,,,,,,,,,,,,,,,,,,,,,,,,,,,,,,,
Population 5 years and over,"4,790,232","687,086","6,965,784","2,867,872","36,910,956","5,534,863","3,447,752","964,338","632,768","21,143,473","10,291,750","1,361,269","1,827,217","11,907,821","6,434,006","3,020,507","2,760,477","4,251,877","4,319,304","1,324,322","5,815,467","6,639,722","9,497,313","5,389,089","2,770,754","5,828,309","1,065,843","1,846,816","3,005,197","1,332,565","8,748,366","2,008,350","18,621,696","10,114,481","731,417","11,094,862","3,779,627","4,040,553","12,303,274","1,041,779","5,001,208","852,578","6,649,124","28,147,854","3,152,336","619,189","8,201,937","7,364,064","1,687,687","5,583,295","550,937"
English only,94.20%,84.40%,73.80%,91.90%,55.60%,83.80%,76.70%,86.50%,79.40%,69.80%,85.10%,75.80%,89.00%,76.10%,90.00%,91.10%,88.30%,94.10%,92.40%,94.00%,79.30%,75.00%,89.80%,87.80%,95.90%,93.60%,95.40%,88.50%,70.10%,92.20%,67.70%,69.10%,69.30%,87.30%,92.90%,92.30%,89.00%,84.70%,87.70%,78.00%,92.20%,92.60%,92.20%,64.90%,84.20%,94.60%,83.00%,78.90%,97.50%,91.30%,93.70%
Language other than English,5.80%,15.60%,26.20%,8.10%,44.40%,16.20%,23.30%,13.50%,20.60%,30.20%,14.90%,24.20%,11.00%,23.90%,10.00%,8.90%,11.70%,5.90%,7.60%,6.00%,20.70%,25.00%,10.20%,12.20%,4.10%,6.40%,4.60%,11.50%,29.90%,7.80%,32.30%,30.90%,30.70%,12.70%,7.10%,7.70%,11.00%,15.30%,12.30%,22.00%,7.80%,7.40%,7.80%,35.10%,15.80%,5.40%,17.00%,21.10%,2.50%,8.70%,6.30%
"Speak English less than ""very well""",2.20%,4.30%,8.20%,2.90%,17.40%,5.50%,8.70%,4.70%,5.10%,12.30%,5.50%,10.30%,3.80%,8.80%,3.60%,3.60%,4.50%,2.40%,2.70%,1.50%,7.80%,10.10%,3.70%,4.80%,1.50%,2.10%,1.10%,4.70%,11.00%,2.30%,12.80%,9.30%,13.50%,4.80%,2.40%,2.70%,4.00%,5.50%,5.00%,9.20%,2.60%,2.10%,3.20%,12.80%,5.20%,1.20%,6.00%,7.90%,0.80%,3.20%,1.80%
EMPLOYMENT STATUS,,,,,,,,,,,,,,,,,,,,,,,,,,,,,,,,,,,,,,,,,,,,,,,,,,,
Civilian population 16 years and over,"4,077,260","551,526","5,937,648","2,424,329","31,382,339","4,731,730","2,979,209","832,222","552,520","18,377,596","8,648,535","1,129,409","1,524,919","10,179,465","5,451,980","2,566,932","2,311,100","3,610,363","3,638,118","1,168,012","4,941,138","5,800,390","8,174,698","4,576,013","2,326,282","4,951,937","911,435","1,540,596","2,557,397","1,175,774","7,496,570","1,693,898","16,126,813","8,560,785","611,153","9,491,630","3,154,340","3,506,306","10,651,830","911,890","4,252,628","711,513","5,676,567","23,344,470","2,552,759","546,353","6,900,899","6,261,984","1,463,742","4,798,557","461,874"
In labor force,58.40%,65.60%,60.60%,57.70%,63.70%,68.60%,65.60%,62.60%,71.50%,59.40%,63.60%,62.00%,62.30%,64.90%,63.80%,66.60%,65.40%,59.70%,59.20%,61.60%,66.80%,66.80%,61.60%,67.90%,56.80%,62.70%,63.30%,68.10%,63.10%,65.80%,66.10%,58.10%,62.70%,62.30%,68.30%,63.00%,60.70%,62.40%,62.80%,64.40%,60.30%,66.70%,62.30%,65.30%,69.90%,64.90%,64.60%,64.30%,52.80%,65.10%,65.50%
Employed,55.90%,62.60%,58.00%,55.10%,60.40%,66.20%,62.50%,59.90%,67.80%,57.10%,61.00%,59.70%,60.40%,61.80%,61.50%,64.60%,63.00%,57.10%,56.00%,59.60%,64.10%,64.00%,58.70%,65.70%,54.10%,60.30%,61.40%,66.50%,59.60%,64.10%,62.80%,55.30%,59.50%,60.00%,66.90%,60.70%,58.20%,59.80%,60.10%,61.50%,57.70%,64.80%,60.10%,62.40%,68.00%,63.00%,62.30%,61.70%,50.30%,63.30%,63.00%
Unemployed,2.50%,3.00%,2.60%,2.60%,3.40%,2.40%,3.10%,2.70%,3.70%,2.40%,2.70%,2.20%,1.80%,3.10%,2.30%,2.00%,2.40%,2.60%,3.20%,2.00%,2.70%,2.70%,2.90%,2.20%,2.80%,2.30%,1.90%,1.60%,3.50%,1.70%,3.30%,2.80%,3.20%,2.30%,1.50%,2.30%,2.50%,2.70%,2.70%,2.90%,2.60%,1.90%,2.10%,2.90%,1.90%,1.80%,2.30%,2.60%,2.50%,1.80%,2.50%
Percent of civilian labor force,4.30%,4.60%,4.30%,4.50%,5.30%,3.50%,4.70%,4.30%,5.10%,4.00%,4.20%,3.60%,3.00%,4.80%,3.60%,2.90%,3.60%,4.30%,5.40%,3.30%,4.00%,4.10%,4.60%,3.20%,4.90%,3.70%,3.00%,2.30%,5.50%,2.50%,5.00%,4.80%,5.10%,3.80%,2.20%,3.70%,4.20%,4.30%,4.30%,4.50%,4.40%,2.80%,3.40%,4.40%,2.70%,2.80%,3.60%,4.10%,4.70%,2.80%,3.80%
Not in labor force,41.60%,34.40%,39.40%,42.30%,36.30%,31.40%,34.40%,37.40%,28.50%,40.60%,36.40%,38.00%,37.70%,35.10%,36.20%,33.40%,34.60%,40.30%,40.80%,38.40%,33.20%,33.20%,38.40%,32.10%,43.20%,37.30%,36.70%,31.90%,36.90%,34.20%,33.90%,41.90%,37.30%,37.70%,31.70%,37.00%,39.30%,37.60%,37.20%,35.60%,39.70%,33.30%,37.70%,34.70%,30.10%,35.10%,35.40%,35.70%,47.20%,34.90%,34.50%
INCOME IN THE PAST 12 MONTHS (IN 2022 INFLATION-ADJUSTED DOLLARS),,,,,,,,,,,,,,,,,,,,,,,,,,,,,,,,,,,,,,,,,,,,,,,,,,,
Households,"2,016,448","274,574","2,850,377","1,216,207","13,550,586","2,384,584","1,433,635","402,334","326,970","8,826,394","4,092,467","494,827","717,151","5,056,360","2,726,489","1,330,995","1,175,294","1,828,680","1,816,902","605,338","2,375,984","2,797,776","4,089,794","2,322,190","1,148,340","2,521,832","464,072","803,157","1,198,356","557,220","3,516,978","848,218","7,774,308","4,299,266","331,481","4,878,206","1,573,180","1,726,340","5,294,065","446,688","2,136,080","368,300","2,846,684","11,087,708","1,129,660","277,090","3,380,607","3,079,953","736,341","2,491,121","243,321"
With earnings,72.60%,81.30%,75.20%,71.90%,80.60%,81.70%,77.70%,74.00%,81.70%,73.40%,79.50%,77.90%,77.20%,77.60%,77.50%,77.80%,78.70%,73.20%,73.90%,73.00%,80.50%,78.60%,74.20%,78.60%,72.50%,75.80%,75.70%,79.90%,77.30%,78.30%,79.50%,72.80%,76.70%,76.70%,81.30%,75.50%,76.30%,75.60%,75.00%,75.30%,74.80%,78.90%,77.00%,82.50%,85.00%,76.30%,79.10%,78.80%,66.50%,76.00%,77.20%
Mean earnings (dollars),"86,749","106,785","102,494","81,483","132,782","119,085","132,157","104,569","155,023","99,759","101,642","115,107","92,606","110,194","91,471","93,050","93,227","85,949","83,446","94,927","126,644","140,039","94,540","112,459","76,198","91,317","90,381","95,443","97,079","121,217","138,148","82,018","125,193","96,470","94,991","93,217","83,203","103,996","103,792","112,550","89,441","89,048","91,505","102,000","111,892","95,179","120,131","129,587","80,409","96,513","88,486"
With Social Security income,35.10%,24.90%,33.40%,34.90%,28.10%,25.50%,31.70%,36.10%,17.60%,36.40%,29.30%,37.40%,32.80%,29.30%,31.10%,31.50%,30.60%,34.60%,32.10%,36.30%,28.70%,29.50%,34.60%,29.60%,35.30%,32.60%,34.40%,29.00%,31.20%,35.20%,31.70%,35.10%,32.00%,31.80%,27.50%,31.70%,31.50%,32.80%,35.00%,34.10%,35.10%,31.60%,31.80%,25.20%,23.50%,35.40%,29.90%,28.90%,40.60%,32.20%,32.50%
Mean Social Security income (dollars),"21,488","20,601","23,704","20,900","21,919","22,784","23,854","25,040","20,822","22,956","21,670","23,296","23,406","22,298","22,983","22,839","23,207","20,703","19,247","22,275","22,585","22,453","23,068","23,991","19,912","21,633","21,381","22,897","21,342","23,895","24,070","20,615","22,138","22,539","21,262","21,255","21,518","23,327","22,575","21,658","22,938","21,368","22,477","21,205","24,100","23,546","23,086","23,744","21,332","23,279","22,305"
With Supplemental Security Income,6.60%,3.80%,4.00%,6.30%,5.70%,3.10%,4.60%,4.40%,3.90%,5.00%,5.10%,4.70%,4.80%,4.80%,4.90%,4.10%,4.20%,7.00%,7.50%,5.50%,4.40%,5.60%,5.60%,4.00%,8.50%,5.50%,4.00%,3.90%,4.70%,3.80%,4.90%,5.80%,6.10%,4.70%,3.30%,5.50%,5.40%,4.80%,5.60%,6.40%,5.00%,3.50%,5.40%,4.40%,3.50%,5.30%,4.20%,4.40%,7.60%,4.50%,3.80%
Mean Supplemental Security Income (dollars),"10,526","10,502","10,678","11,009","10,839","10,798","10,576","12,039","10,532","10,357","10,304","11,081","11,015","10,588","11,409","10,848","10,771","10,713","10,521","10,724","10,788","10,638","11,164","11,169","10,631","10,530","11,116","11,221","11,287","12,131","10,769","10,404","10,252","10,492","10,404","10,662","11,078","11,318","10,840","10,277","10,606","10,363","11,028","10,185","11,285","9,939","10,146","10,930","10,704","11,207","11,160"
With cash public assistance income,1.60%,6.20%,1.90%,1.90%,3.80%,2.20%,2.60%,2.10%,3.90%,2.10%,1.70%,4.20%,2.70%,2.60%,1.80%,1.60%,1.40%,1.60%,1.70%,2.50%,2.50%,3.30%,2.50%,3.20%,1.90%,1.70%,2.00%,2.20%,3.00%,2.20%,2.60%,3.60%,4.00%,1.60%,1.90%,2.10%,2.80%,3.60%,3.30%,3.50%,1.30%,1.90%,1.80%,1.90%,1.40%,3.30%,2.20%,3.30%,3.50%,2.00%,1.70%
Mean cash public assistance income (dollars),"3,324","4,234","3,724","3,402","5,229","4,580","4,613","2,583","5,554","3,041","3,549","6,149","2,750","3,675","2,885","2,904","3,535","3,385","2,991","3,758","3,629","4,615","3,460","3,636","2,691","3,199","3,743","3,117","3,758","3,310","5,065","2,993","3,900","3,315","4,442","3,389","2,205","4,312","3,092","3,103","3,587","3,359","3,708","3,609","4,700","3,544","3,428","4,766","3,764","3,344","4,237"
With retirement income,26.10%,22.90%,26.70%,23.70%,21.50%,21.90%,25.90%,32.70%,16.40%,25.60%,22.80%,30.40%,25.40%,23.80%,24.70%,24.20%,23.80%,25.60%,22.00%,27.70%,26.20%,23.00%,27.90%,24.20%,22.70%,25.80%,24.50%,21.10%,24.30%,27.40%,25.00%,26.40%,24.50%,24.50%,19.40%,26.10%,21.90%,25.50%,27.40%,25.10%,26.70%,22.90%,23.80%,18.90%,20.90%,25.90%,26.20%,23.90%,29.20%,26.40%,25.50%
Mean retirement income (dollars),"27,985","42,102","31,251","23,978","38,243","35,459","33,737","36,449","54,266","33,284","29,625","38,946","29,393","34,633","23,365","26,890","26,273","26,448","26,872","30,046","40,323","35,113","26,950","29,211","24,506","26,160","27,963","26,144","33,150","30,664","35,291","32,993","33,890","28,316","27,058","28,499","26,993","32,056","27,849","32,035","28,612","25,887","26,804","30,229","32,169","26,397","35,841","32,828","25,565","27,551","27,705"
With Food Stamp/SNAP benefits,14.10%,10.90%,10.30%,10.30%,12.70%,8.50%,12.00%,10.90%,13.60%,12.30%,13.20%,11.70%,7.30%,14.60%,9.20%,8.50%,7.00%,12.80%,18.40%,11.30%,12.00%,15.40%,13.60%,7.70%,13.70%,10.00%,7.50%,8.50%,13.40%,6.50%,9.60%,19.40%,16.30%,13.40%,6.30%,12.60%,14.90%,16.10%,14.40%,13.80%,10.90%,7.80%,11.10%,12.00%,5.20%,10.50%,9.80%,11.30%,18.20%,11.70%,5.60%
POVERTY STATUS IN THE PAST 12 MONTHS,,,,,,,,,,,,,,,,,,,,,,,,,,,,,,,,,,,,,,,,,,,,,,,,,,,
Population for whom poverty status is determined,"4,929,195","715,594","7,210,801","2,958,098","38,307,718","5,727,379","3,514,107","995,107","642,853","21,764,366","10,655,140","1,402,729","1,889,431","12,306,019","6,645,013","3,103,543","2,852,901","4,389,492","4,467,616","1,347,498","6,042,925","6,763,338","9,828,430","5,599,770","2,841,445","6,005,542","1,098,173","1,920,017","3,139,138","1,359,894","9,103,154","2,072,033","19,185,089","10,417,219","751,246","11,468,520","3,897,556","4,161,550","12,553,587","1,052,644","5,140,248","879,804","6,897,298","29,416,679","3,329,192","624,770","8,442,437","7,651,971","1,721,567","5,763,986","567,648"
Below 100 percent of the poverty level,16.20%,11.00%,12.50%,16.80%,12.20%,9.40%,9.80%,9.40%,13.30%,12.70%,12.70%,10.20%,10.70%,11.90%,12.60%,11.00%,12.00%,16.50%,18.60%,10.80%,9.60%,10.40%,13.40%,9.60%,19.10%,13.20%,12.10%,11.20%,12.50%,7.20%,9.70%,17.60%,14.30%,12.80%,11.50%,13.40%,15.70%,12.10%,11.80%,10.80%,14.00%,12.50%,13.30%,14.00%,8.20%,10.40%,10.60%,10.00%,17.90%,10.70%,11.80%
100 to 149 percent of the poverty level,9.10%,6.50%,8.30%,10.80%,7.70%,5.90%,5.90%,6.30%,5.40%,8.60%,8.50%,6.40%,9.00%,7.10%,8.00%,7.20%,7.70%,9.20%,10.70%,6.70%,5.90%,5.70%,8.00%,6.10%,10.70%,8.30%,8.00%,7.70%,8.60%,5.00%,5.50%,10.70%,7.40%,8.50%,6.30%,7.50%,10.00%,7.90%,7.30%,6.30%,8.40%,7.20%,8.80%,8.90%,6.00%,6.20%,6.20%,6.00%,9.70%,6.70%,7.30%
At or above 150 percent of the poverty level,74.70%,82.50%,79.30%,72.40%,80.10%,84.70%,84.20%,84.30%,81.20%,78.70%,78.90%,83.50%,80.30%,80.90%,79.50%,81.80%,80.30%,74.30%,70.80%,82.50%,84.50%,84.00%,78.60%,84.30%,70.10%,78.50%,79.80%,81.10%,79.00%,87.80%,84.80%,71.70%,78.40%,78.70%,82.30%,79.00%,74.40%,80.00%,80.90%,82.90%,77.60%,80.30%,77.90%,77.10%,85.80%,83.30%,83.20%,84.00%,72.30%,82.50%,80.90%
Occupied housing units,"2,016,448","274,574","2,850,377","1,216,207","13,550,586","2,384,584","1,433,635","402,334","326,970","8,826,394","4,092,467","494,827","717,151","5,056,360","2,726,489","1,330,995","1,175,294","1,828,680","1,816,902","605,338","2,375,984","2,797,776","4,089,794","2,322,190","1,148,340","2,521,832","464,072","803,157","1,198,356","557,220","3,516,978","848,218","7,774,308","4,299,266","331,481","4,878,206","1,573,180","1,726,340","5,294,065","446,688","2,136,080","368,300","2,846,684","11,087,708","1,129,660","277,090","3,380,607","3,079,953","736,341","2,491,121","243,321"
HOUSING TENURE,,,,,,,,,,,,,,,,,,,,,,,,,,,,,,,,,,,,,,,,,,,,,,,,,,,
Owner-occupied housing units,70.20%,66.10%,67.40%,66.50%,55.80%,66.40%,66.30%,74.10%,41.00%,67.20%,65.90%,62.60%,72.30%,67.10%,70.80%,72.00%,67.70%,68.80%,67.60%,74.10%,67.70%,62.20%,73.20%,72.10%,69.90%,67.60%,68.80%,66.00%,60.30%,72.30%,64.60%,70.90%,54.10%,66.70%,65.10%,67.30%,65.40%,62.80%,69.10%,63.30%,72.00%,69.60%,67.20%,62.50%,71.20%,73.70%,67.40%,64.20%,74.50%,68.10%,72.70%
Renter-occupied housing units,29.80%,33.90%,32.60%,33.50%,44.20%,33.60%,33.70%,25.90%,59.00%,32.80%,34.10%,37.40%,27.70%,32.90%,29.20%,28.00%,32.30%,31.20%,32.40%,25.90%,32.30%,37.80%,26.80%,27.90%,30.10%,32.40%,31.20%,34.00%,39.70%,27.70%,35.40%,29.10%,45.90%,33.30%,34.90%,32.70%,34.60%,37.20%,30.90%,36.70%,28.00%,30.40%,32.80%,37.50%,28.80%,26.30%,32.60%,35.80%,25.50%,31.90%,27.30%
Average household size of owner-occupied unit,2.54,2.69,2.59,2.56,2.94,2.54,2.62,2.51,2.1,2.51,2.71,2.92,2.7,2.6,2.56,2.47,2.57,2.5,2.55,2.33,2.67,2.61,2.52,2.57,2.52,2.54,2.48,2.58,2.69,2.58,2.73,2.55,2.64,2.53,2.42,2.49,2.58,2.52,2.52,2.54,2.48,2.53,2.51,2.85,3.12,2.41,2.6,2.64,2.4,2.47,2.45
Average household size of renter-occupied unit,2.22,2.31,2.39,2.2,2.66,2.12,2.1,2.37,1.82,2.39,2.41,2.67,2.46,2.09,2.14,1.96,2.12,2.18,2.26,1.92,2.26,2.08,2.08,1.98,2.38,2.06,2.07,2.03,2.53,2.08,2.33,2.17,2.23,2.2,1.96,2.06,2.3,2.19,2.03,2.01,2.22,2.05,2.26,2.33,2.52,1.78,2.28,2.19,2.16,1.97,2.03
SELECTED CHARACTERISTICS,,,,,,,,,,,,,,,,,,,,,,,,,,,,,,,,,,,,,,,,,,,,,,,,,,,
No telephone service available,1.20%,1.20%,1.30%,1.30%,1.00%,0.60%,0.90%,0.60%,0.40%,1.00%,0.70%,1.30%,1.10%,0.90%,0.90%,0.90%,0.70%,1.00%,1.10%,0.70%,0.90%,0.70%,0.80%,0.70%,1.30%,0.90%,1.50%,0.90%,1.20%,0.50%,0.90%,1.40%,1.00%,0.90%,0.90%,0.90%,1.20%,1.00%,1.00%,1.10%,0.90%,1.10%,1.00%,0.90%,0.50%,0.80%,1.00%,0.80%,1.20%,0.80%,0.90%
1.01 or more occupants per room,1.70%,6.10%,4.50%,2.70%,8.20%,2.40%,2.00%,2.30%,3.60%,3.30%,2.40%,8.50%,3.10%,2.50%,1.70%,1.60%,2.10%,1.80%,2.00%,1.60%,2.70%,2.20%,1.60%,2.30%,2.40%,1.80%,1.80%,1.90%,4.60%,1.50%,3.80%,3.10%,5.30%,2.30%,2.00%,1.40%,2.80%,3.00%,1.70%,1.90%,2.00%,2.10%,2.20%,5.10%,3.10%,1.70%,2.20%,3.50%,1.20%,1.50%,2.10%
Owner-occupied housing units,"1,416,333","181,586","1,921,746","808,558","7,565,502","1,584,309","949,839","298,075","134,120","5,929,801","2,695,885","309,687","518,837","3,392,312","1,929,865","958,700","795,989","1,257,737","1,229,012","448,772","1,609,588","1,741,555","2,991,685","1,674,434","803,006","1,704,800","319,421","529,723","722,684","402,656","2,272,995","601,666","4,204,337","2,868,467","215,896","3,285,052","1,029,003","1,084,786","3,658,207","282,617","1,538,550","256,326","1,914,030","6,926,616","804,164","204,089","2,278,062","1,976,259","548,389","1,696,493","176,863"
SELECTED MONTHLY OWNER COSTS AS A PERCENTAGE OF HOUSEHOLD INCOME IN THE PAST 12 MONTHS,,,,,,,,,,,,,,,,,,,,,,,,,,,,,,,,,,,,,,,,,,,,,,,,,,,
Less than 30 percent,82.30%,77.90%,79.40%,82.60%,69.20%,75.60%,73.80%,80.90%,77.70%,73.60%,80.20%,69.60%,79.20%,77.30%,83.10%,82.70%,81.40%,81.50%,79.20%,76.80%,77.20%,73.40%,80.10%,79.90%,79.70%,82.10%,77.90%,81.90%,75.80%,74.40%,72.20%,78.30%,72.20%,81.10%,82.90%,82.50%,80.90%,74.20%,79.90%,75.40%,80.90%,82.00%,81.10%,77.40%,80.90%,73.70%,79.70%,75.70%,85.90%,80.40%,79.20%
30 percent or more,17.70%,22.10%,20.60%,17.40%,30.80%,24.40%,26.20%,19.10%,22.30%,26.40%,19.80%,30.40%,20.80%,22.70%,16.90%,17.30%,18.60%,18.50%,20.80%,23.20%,22.80%,26.60%,19.90%,20.10%,20.30%,17.90%,22.10%,18.10%,24.20%,25.60%,27.80%,21.70%,27.80%,18.90%,17.10%,17.50%,19.10%,25.80%,20.10%,24.60%,19.10%,18.00%,18.90%,22.60%,19.10%,26.30%,20.30%,24.30%,14.10%,19.60%,20.80%
OWNER CHARACTERISTICS,,,,,,,,,,,,,,,,,,,,,,,,,,,,,,,,,,,,,,,,,,,,,,,,,,,
Median value (dollars),"200,900","336,900","402,800","179,800","715,900","531,100","347,200","337,200","711,100","354,100","297,400","820,100","432,500","251,600","208,700","194,600","206,600","196,300","209,200","290,600","398,100","534,700","224,400","314,600","162,500","221,200","366,400","232,400","434,700","384,700","428,900","243,100","400,400","280,600","243,100","204,100","191,700","475,600","245,500","383,900","254,600","245,000","284,800","275,400","499,500","304,700","365,700","569,500","155,100","252,800","292,300"
Median selected monthly owner costs with a mortgage (dollars),"1,293","2,019","1,616","1,216","2,673","2,098","2,215","1,629","2,893","1,746","1,599","2,683","1,512","1,804","1,281","1,411","1,542","1,316","1,472","1,573","2,097","2,489","1,435","1,784","1,267","1,377","1,611","1,586","1,730","2,157","2,553","1,408","2,355","1,444","1,638","1,381","1,409","1,946","1,601","2,021","1,378","1,526","1,442","1,904","1,822","1,750","1,919","2,227","1,161","1,545","1,564"
Median selected monthly owner costs without a mortgage (dollars),395,629,468,407,759,608,979,505,784,599,488,619,454,746,479,579,584,446,419,596,686,961,565,654,394,494,531,617,486,934,"1,116",424,886,444,554,545,478,619,597,844,406,565,439,626,504,786,533,708,362,616,484
Renter-occupied housing units,"600,115","92,988","928,631","407,649","5,985,084","800,275","483,796","104,259","192,850","2,896,593","1,396,582","185,140","198,314","1,664,048","796,624","372,295","379,305","570,943","587,890","156,566","766,396","1,056,221","1,098,109","647,756","345,334","817,032","144,651","273,434","475,672","154,564","1,243,983","246,552","3,569,971","1,430,799","115,585","1,593,154","544,177","641,554","1,635,858","164,071","597,530","111,974","932,654","4,161,092","325,496","73,001","1,102,545","1,103,694","187,952","794,628","66,458"
GROSS RENT AS A PERCENTAGE OF HOUSEHOLD INCOME IN THE PAST 12 MONTHS,,,,,,,,,,,,,,,,,,,,,,,,,,,,,,,,,,,,,,,,,,,,,,,,,,,
Less than 30 percent,57.30%,60.70%,50.60%,59.60%,46.90%,49.10%,50.50%,55.20%,54.70%,43.70%,52.40%,47.10%,56.50%,54.10%,55.10%,58.30%,56.50%,57.50%,51.50%,57.20%,51.20%,49.50%,53.40%,52.80%,57.60%,57.80%,59.70%,56.70%,45.70%,53.70%,50.30%,52.40%,50.60%,56.00%,62.00%,56.80%,57.10%,50.10%,55.30%,55.20%,53.50%,64.20%,55.90%,50.40%,55.00%,53.00%,53.70%,51.40%,58.20%,57.20%,61.40%
30 percent or more,42.70%,39.30%,49.40%,40.40%,53.10%,50.90%,49.50%,44.80%,45.30%,56.30%,47.60%,52.90%,43.50%,45.90%,44.90%,41.70%,43.50%,42.50%,48.50%,42.80%,48.80%,50.50%,46.60%,47.20%,42.40%,42.20%,40.30%,43.30%,54.30%,46.30%,49.70%,47.60%,49.40%,44.00%,38.00%,43.20%,42.90%,49.90%,44.70%,44.80%,46.50%,35.80%,44.10%,49.60%,45.00%,47.00%,46.30%,48.60%,41.80%,42.80%,38.60%
GROSS RENT,,,,,,,,,,,,,,,,,,,,,,,,,,,,,,,,,,,,,,,,,,,,,,,,,,,
Median gross rent (dollars),913,"1,329","1,450",846,"1,870","1,646","1,360","1,274","1,843","1,525","1,269","1,813","1,138","1,170",972,891,975,891,984,"1,033","1,550","1,634","1,052","1,200",873,954,"1,005",983,"1,461","1,396","1,555",955,"1,499","1,131",863,949,937,"1,370","1,116","1,254","1,084",866,"1,096","1,290","1,372","1,141","1,441","1,630",795,992,895